Workbook

Sheet Metadata
A1: metadata
C2: Lat °N (WGS84) | D2: Lon °E (WGS84) | E2: depth
A3: Sito A | B3: Uvala Lone | C3: 45.069 | D3: 13.6335 | E3: 0-1 m
A4: Sito B | B4: Villas Rubin | C4: 45.0632 | D4: 13.6592 | E4: 0-1 m
A5: Sito C | B5: Amarin | C5: 45.10476 | D5: 13.615665 | E5: 0-1 m

Sheet Foglio1
A1: Sperimentatore | B1: GRUPPO 1 | C1: SITE | D1: REPLICA | E1: Acetabularia acetabulum | F1: Amphiroa rigida | G1: Codium bursa | H1: Corallina sp. | I1: Corallinaceae | J1: Dichtyota dicotoma | K1: Flabellia petiolata | L1: Halimeda tuna | M1: Laurencia obtusa | N1: Padina pavonica | O1: Feltro algale | P1: Aplysina aerophoba | Q1: Cliona sp. | R1: Ircinia sp. | S1: Arca noae | T1: Gastrochaena dubia | U1: Patella caerulea | V1: Balanidae | W1: Paracentrotus lividus | X1: Roccia nuda | Y1: TOTALE % | AA1: Cerithium vulgatum (n° individui) | AB1: Conus sp. e Phorcus sp. (n° individui) | AC1: Hexaplex trunculus (n° individui) | AD1: Holothuria tubulosa (n° individui) | AE1: Maja squinado (n° individui) | AF1: Paguroidea (n° individui)
A2: Vincenzo | B2: 1 | C2: A | D2: 1 | E2: 0 | F2: 0 | G2: 0 | H2: 0 | I2: 0 | J2: 3 | K2: 8 | L2: 0 | M2: 4 | N2: 10 | O2: 96 | P2: 0 | Q2: 0 | R2: 0 | S2: 0 | T2: 0 | U2: 0 | V2: 0 | W2: 3 | X2: 0 | Y2: =SUM(E2:X2) -> 124 | AA2: 48 | AB2: 0 | AC2: 0 | AD2: 0 | AE2: 0 | AF2: 0
A3: Vincenzo | B3: 1 | C3: A | D3: 2 | E3: 8 | F3: 0 | G3: 0 | H3: 0 | I3: 0 | J3: 2 | K3: 7 | L3: 3 | M3: 0 | N3: 16 | O3: 96 | P3: 0 | Q3: 0 | R3: 0 | S3: 0 | T3: 0 | U3: 0 | V3: 0 | W3: 0 | X3: 0 | Y3: =SUM(E3:X3) -> 132 | AA3: 12 | AB3: 0 | AC3: 0 | AD3: 0 | AE3: 0 | AF3: 0
A4: Vincenzo | B4: 1 | C4: A | D4: 3 | E4: 10 | F4: 0 | G4: 0 | H4: 0 | I4: 0 | J4: 2 | K4: 0 | L4: 24 | M4: 0 | N4: 6 | O4: 94 | P4: 0 | Q4: 0 | R4: 0 | S4: 0 | T4: 0 | U4: 0 | V4: 0 | W4: 3 | X4: 0 | Y4: =SUM(E4:X4) -> 139 | AA4: 45 | AB4: 0 | AC4: 1 | AD4: 0 | AE4: 0 | AF4: 0
A5: Vincenzo | B5: 1 | C5: A | D5: 4 | E5: 11 | F5: 0 | G5: 0 | H5: 0 | I5: 0 | J5: 3 | K5: 0 | L5: 0 | M5: 0 | N5: 18 | O5: 95 | P5: 0 | Q5: 0 | R5: 0 | S5: 0 | T5: 4 | U5: 0 | V5: 0 | W5: 3 | X5: 0 | Y5: =SUM(E5:X5) -> 134 | AA5: 0 | AB5: 0 | AC5: 0 | AD5: 0 | AE5: 0 | AF5: 0
A6: Enrico | B6: 1 | C6: A | D6: 5 | E6: 3 | F6: 0 | G6: 0 | H6: 0 | I6: 1 | J6: 10 | K6: 0 | L6: 13.5 | M6: 0 | N6: 27 | O6: 100 | P6: 0 | Q6: 0 | R6: 0 | S6: 0 | T6: 0 | U6: 0 | V6: 0 | W6: 7 | X6: 0 | Y6: =SUM(E6:X6) -> 161.5 | AA6: 0 | AB6: 0 | AC6: 0 | AD6: 0 | AE6: 0 | AF6: 0
A7: Enrico | B7: 1 | C7: A | D7: 6 | E7: 5 | F7: 0 | G7: 0 | H7: 0 | I7: 3 | J7: 6 | K7: 0 | L7: 12 | M7: 0 | N7: 20 | O7: 100 | P7: 0 | Q7: 0 | R7: 0 | S7: 0 | T7: 0 | U7: 0 | V7: 0 | W7: 0 | X7: 0 | Y7: =SUM(E7:X7) -> 146 | AA7: 2 | AB7: 0 | AC7: 0 | AD7: 0 | AE7: 0 | AF7: 0
A8: Enrico | B8: 1 | C8: A | D8: 7 | E8: 2 | F8: 0 | G8: 0 | H8: 0 | I8: 0 | J8: 2 | K8: 0 | L8: 0 | M8: 0 | N8: 5 | O8: 100 | P8: 0 | Q8: 0 | R8: 0 | S8: 0 | T8: 0 | U8: 0 | V8: 0 | W8: 0 | X8: 0 | Y8: =SUM(E8:X8) -> 109 | AA8: 35 | AB8: 0 | AC8: 0 | AD8: 0 | AE8: 0 | AF8: 0
A9: Simone | B9: 1 | C9: A | D9: 8 | E9: 0 | F9: 6 | G9: 0 | H9: 0 | I9: 0 | J9: 3 | K9: 0 | L9: 2 | M9: 0 | N9: 18 | O9: 90 | P9: 0 | Q9: 0 | R9: 0 | S9: 0 | T9: 26 | U9: 0 | V9: 1 | W9: 1 | X9: 3 | Y9: =SUM(E9:X9) -> 150 | AA9: 12 | AB9: 0 | AC9: 0 | AD9: 0 | AE9: 0 | AF9: 0
A10: Simone | B10: 1 | C10: A | D10: 9 | E10: 0 | F10: 0 | G10: 0 | H10: 0 | I10: 0 | J10: 0 | K10: 0 | L10: 0 | M10: 0 | N10: 10 | O10: 88 | P10: 0 | Q10: 0 | R10: 0 | S10: 0 | T10: 6 | U10: 0 | V10: 0 | W10: 0 | X10: 10 | Y10: =SUM(E10:X10) -> 114 | AA10: 20 | AB10: 0 | AC10: 0 | AD10: 0 | AE10: 0 | AF10: 0
A11: Sabrina | B11: 1 | C11: A | D11: 10 | E11: 0 | F11: 0 | G11: 0 | H11: 0 | I11: 0 | J11: 0 | K11: 2 | L11: 0 | M11: 0 | N11: 30 | O11: 90 | P11: 0 | Q11: 0 | R11: 0 | S11: 2 | T11: 0 | U11: 0 | V11: 0 | W11: 0 | X11: 8 | Y11: =SUM(E11:X11) -> 132 | AA11: 20 | AB11: 0 | AC11: 0 | AD11: 0 | AE11: 0 | AF11: 0
A12: Sabrina | B12: 1 | C12: A | D12: 11 | E12: 0 | F12: 0 | G12: 0 | H12: 0 | I12: 5 | J12: 0 | K12: 0 | L12: 20 | M12: 0 | N12: 20 | O12: 40 | P12: 0 | Q12: 10 | R12: 0 | S12: 0 | T12: 0 | U12: 0 | V12: 0 | W12: 0 | X12: 0 | Y12: =SUM(E12:X12) -> 95 | AA12: 8 | AB12: 0 | AC12: 0 | AD12: 0 | AE12: 0 | AF12: 0
A13: Paolo | B13: 1 | C13: A | D13: 12 | E13: 3 | F13: 0 | G13: 0 | H13: 0 | I13: 2 | J13: 7 | K13: 0 | L13: 15.5 | M13: 0 | N13: 27 | O13: 100 | P13: 0 | Q13: 0 | R13: 0 | S13: 0 | T13: 0 | U13: 0 | V13: 0 | W13: 7 | X13: 0 | Y13: =SUM(E13:X13) -> 161.5 | AA13: 0 | AB13: 0 | AC13: 0 | AD13: 0 | AE13: 0 | AF13: 5
... A91: Tollardo/Cecchini prova | B91: 2 | C91: C | D91: 30 | E91: 0 | F91: 0 | G91: 0 | H91: 0 | I91: 0 | J91: 0 | K91: 0 | L91: 0 | M91: 0 | N91: 0 | O91: 0 | P91: 6 | Q91: 0 | R91: 0 | S91: 0 | T91: 1 | U91: 0 | V91: 0 | W91: 10 | X91: 75 | Y91: =SUM(E91:X91) -> 92 | AA91: 0 | AB91: 0 | AC91: 0 | AD91: 0 | AE91: 0 | AF91: 0

Sheet presenzaassenza
A1: Sperimentatore | B1: GRUPPO 1 | C1: SITE | D1: REPLICA | E1: Acetabularia acetabulum | F1: Amphiroa rigida | G1: Codium bursa | H1: Corallina sp. | I1: Corallinaceae | J1: Dichtyota dicotoma | K1: Flabellia petiolata | L1: Halimeda tuna | M1: Laurencia obtusa | N1: Padina pavonica | O1: Feltro algale | P1: Aplysina aerophoba | Q1: Cliona sp. | R1: Ircinia sp. | S1: Arca noae | T1: Gastrochaena dubia | U1: Patella caerulea | V1: Balanidae | W1: Paracentrotus lividus | X1: S (ricoprimento) | AA1: Cerithium vulgatum (n° individui) | AB1: Conus sp. e Phorcus sp. (n° individui) | AC1: Hexaplex trunculus (n° individui) | AD1: Holothuria tubulosa (n° individui) | AE1: Maja squinado (n° individui) | AF1: Paguroidea (n° individui) | AG1: S (n) | AI1: S(A) | AJ1: S(B) | AK1: S(c)
A2: Vincenzo | B2: 1 | C2: A | D2: 1 | E2: =IF(Foglio1!E2=0, 0, 1) -> 0 | F2: =IF(Foglio1!F2=0, 0, 1) -> 0 | G2: =IF(Foglio1!G2=0, 0, 1) -> 0 | H2: =IF(Foglio1!H2=0, 0, 1) -> 0 | I2: =IF(Foglio1!I2=0, 0, 1) -> 0 | J2: =IF(Foglio1!J2=0, 0, 1) -> 1 | K2: =IF(Foglio1!K2=0, 0, 1) -> 1 | L2: =IF(Foglio1!L2=0, 0, 1) -> 0 | ... W2: =IF(Foglio1!W2=0, 0, 1) -> 1 | X2: =SUM(E2:W2) -> 6 | AA2: =IF(Foglio1!AA2=0, 0, 1) -> 1 | AB2: =IF(Foglio1!AB2=0, 0, 1) -> 0 | AC2: =IF(Foglio1!AC2=0, 0, 1) -> 0 | AD2: =IF(Foglio1!AD2=0, 0, 1) -> 0 | AE2: =IF(Foglio1!AE2=0, 0, 1) -> 0 | AF2: =IF(Foglio1!AF2=0, 0, 1) -> 0 | AG2: =SUM(AA2:AF2) -> 1
A3: Vincenzo | B3: 1 | C3: A | D3: 2 | E3: =IF(Foglio1!E3=0, 0, 1) -> 1 | F3: =IF(Foglio1!F3=0, 0, 1) -> 0 | G3: =IF(Foglio1!G3=0, 0, 1) -> 0 | H3: =IF(Foglio1!H3=0, 0, 1) -> 0 | I3: =IF(Foglio1!I3=0, 0, 1) -> 0 | J3: =IF(Foglio1!J3=0, 0, 1) -> 1 | K3: =IF(Foglio1!K3=0, 0, 1) -> 1 | L3: =IF(Foglio1!L3=0, 0, 1) -> 1 | ... W3: =IF(Foglio1!W3=0, 0, 1) -> 0 | X3: =SUM(E3:W3) -> 6 | AA3: =IF(Foglio1!AA3=0, 0, 1) -> 1 | AB3: =IF(Foglio1!AB3=0, 0, 1) -> 0 | AC3: =IF(Foglio1!AC3=0, 0, 1) -> 0 | AD3: =IF(Foglio1!AD3=0, 0, 1) -> 0 | AE3: =IF(Foglio1!AE3=0, 0, 1) -> 0 | AF3: =IF(Foglio1!AF3=0, 0, 1) -> 0 | AG3: =SUM(AA3:AF3) -> 1
A4: Vincenzo | B4: 1 | C4: A | D4: 3 | E4: =IF(Foglio1!E4=0, 0, 1) -> 1 | F4: =IF(Foglio1!F4=0, 0, 1) -> 0 | G4: =IF(Foglio1!G4=0, 0, 1) -> 0 | H4: =IF(Foglio1!H4=0, 0, 1) -> 0 | I4: =IF(Foglio1!I4=0, 0, 1) -> 0 | J4: =IF(Foglio1!J4=0, 0, 1) -> 1 | K4: =IF(Foglio1!K4=0, 0, 1) -> 0 | L4: =IF(Foglio1!L4=0, 0, 1) -> 1 | ... W4: =IF(Foglio1!W4=0, 0, 1) -> 1 | X4: =SUM(E4:W4) -> 6 | AA4: =IF(Foglio1!AA4=0, 0, 1) -> 1 | AB4: =IF(Foglio1!AB4=0, 0, 1) -> 0 | AC4: =IF(Foglio1!AC4=0, 0, 1) -> 1 | AD4: =IF(Foglio1!AD4=0, 0, 1) -> 0 | AE4: =IF(Foglio1!AE4=0, 0, 1) -> 0 | AF4: =IF(Foglio1!AF4=0, 0, 1) -> 0 | AG4: =SUM(AA4:AF4) -> 2
A5: Vincenzo | B5: 1 | C5: A | D5: 4 | E5: =IF(Foglio1!E5=0, 0, 1) -> 1 | F5: =IF(Foglio1!F5=0, 0, 1) -> 0 | G5: =IF(Foglio1!G5=0, 0, 1) -> 0 | H5: =IF(Foglio1!H5=0, 0, 1) -> 0 | I5: =IF(Foglio1!I5=0, 0, 1) -> 0 | J5: =IF(Foglio1!J5=0, 0, 1) -> 1 | K5: =IF(Foglio1!K5=0, 0, 1) -> 0 | L5: =IF(Foglio1!L5=0, 0, 1) -> 0 | ... W5: =IF(Foglio1!W5=0, 0, 1) -> 1 | X5: =SUM(E5:W5) -> 6 | AA5: =IF(Foglio1!AA5=0, 0, 1) -> 0 | AB5: =IF(Foglio1!AB5=0, 0, 1) -> 0 | AC5: =IF(Foglio1!AC5=0, 0, 1) -> 0 | AD5: =IF(Foglio1!AD5=0, 0, 1) -> 0 | AE5: =IF(Foglio1!AE5=0, 0, 1) -> 0 | AF5: =IF(Foglio1!AF5=0, 0, 1) -> 0 | AG5: =SUM(AA5:AF5) -> 0
A6: Enrico | B6: 1 | C6: A | D6: 5 | E6: =IF(Foglio1!E6=0, 0, 1) -> 1 | F6: =IF(Foglio1!F6=0, 0, 1) -> 0 | G6: =IF(Foglio1!G6=0, 0, 1) -> 0 | H6: =IF(Foglio1!H6=0, 0, 1) -> 0 | I6: =IF(Foglio1!I6=0, 0, 1) -> 1 | J6: =IF(Foglio1!J6=0, 0, 1) -> 1 | K6: =IF(Foglio1!K6=0, 0, 1) -> 0 | L6: =IF(Foglio1!L6=0, 0, 1) -> 1 | ... W6: =IF(Foglio1!W6=0, 0, 1) -> 1 | X6: =SUM(E6:W6) -> 7 | AA6: =IF(Foglio1!AA6=0, 0, 1) -> 0 | AB6: =IF(Foglio1!AB6=0, 0, 1) -> 0 | AC6: =IF(Foglio1!AC6=0, 0, 1) -> 0 | AD6: =IF(Foglio1!AD6=0, 0, 1) -> 0 | AE6: =IF(Foglio1!AE6=0, 0, 1) -> 0 | AF6: =IF(Foglio1!AF6=0, 0, 1) -> 0 | AG6: =SUM(AA6:AF6) -> 0
A7: Enrico | B7: 1 | C7: A | D7: 6 | E7: =IF(Foglio1!E7=0, 0, 1) -> 1 | F7: =IF(Foglio1!F7=0, 0, 1) -> 0 | G7: =IF(Foglio1!G7=0, 0, 1) -> 0 | H7: =IF(Foglio1!H7=0, 0, 1) -> 0 | I7: =IF(Foglio1!I7=0, 0, 1) -> 1 | J7: =IF(Foglio1!J7=0, 0, 1) -> 1 | K7: =IF(Foglio1!K7=0, 0, 1) -> 0 | L7: =IF(Foglio1!L7=0, 0, 1) -> 1 | ... W7: =IF(Foglio1!W7=0, 0, 1) -> 0 | X7: =SUM(E7:W7) -> 6 | AA7: =IF(Foglio1!AA7=0, 0, 1) -> 1 | AB7: =IF(Foglio1!AB7=0, 0, 1) -> 0 | AC7: =IF(Foglio1!AC7=0, 0, 1) -> 0 | AD7: =IF(Foglio1!AD7=0, 0, 1) -> 0 | AE7: =IF(Foglio1!AE7=0, 0, 1) -> 0 | AF7: =IF(Foglio1!AF7=0, 0, 1) -> 0 | AG7: =SUM(AA7:AF7) -> 1
A8: Enrico | B8: 1 | C8: A | D8: 7 | E8: =IF(Foglio1!E8=0, 0, 1) -> 1 | F8: =IF(Foglio1!F8=0, 0, 1) -> 0 | G8: =IF(Foglio1!G8=0, 0, 1) -> 0 | H8: =IF(Foglio1!H8=0, 0, 1) -> 0 | I8: =IF(Foglio1!I8=0, 0, 1) -> 0 | J8: =IF(Foglio1!J8=0, 0, 1) -> 1 | K8: =IF(Foglio1!K8=0, 0, 1) -> 0 | L8: =IF(Foglio1!L8=0, 0, 1) -> 0 | ... W8: =IF(Foglio1!W8=0, 0, 1) -> 0 | X8: =SUM(E8:W8) -> 4 | AA8: =IF(Foglio1!AA8=0, 0, 1) -> 1 | AB8: =IF(Foglio1!AB8=0, 0, 1) -> 0 | AC8: =IF(Foglio1!AC8=0, 0, 1) -> 0 | AD8: =IF(Foglio1!AD8=0, 0, 1) -> 0 | AE8: =IF(Foglio1!AE8=0, 0, 1) -> 0 | AF8: =IF(Foglio1!AF8=0, 0, 1) -> 0 | AG8: =SUM(AA8:AF8) -> 1
A9: Simone | B9: 1 | C9: A | D9: 8 | E9: =IF(Foglio1!E9=0, 0, 1) -> 0 | F9: =IF(Foglio1!F9=0, 0, 1) -> 1 | G9: =IF(Foglio1!G9=0, 0, 1) -> 0 | H9: =IF(Foglio1!H9=0, 0, 1) -> 0 | I9: =IF(Foglio1!I9=0, 0, 1) -> 0 | J9: =IF(Foglio1!J9=0, 0, 1) -> 1 | K9: =IF(Foglio1!K9=0, 0, 1) -> 0 | L9: =IF(Foglio1!L9=0, 0, 1) -> 1 | ... W9: =IF(Foglio1!W9=0, 0, 1) -> 1 | X9: =SUM(E9:W9) -> 8 | AA9: =IF(Foglio1!AA9=0, 0, 1) -> 1 | AB9: =IF(Foglio1!AB9=0, 0, 1) -> 0 | AC9: =IF(Foglio1!AC9=0, 0, 1) -> 0 | AD9: =IF(Foglio1!AD9=0, 0, 1) -> 0 | AE9: =IF(Foglio1!AE9=0, 0, 1) -> 0 | AF9: =IF(Foglio1!AF9=0, 0, 1) -> 0 | AG9: =SUM(AA9:AF9) -> 1
A10: Simone | B10: 1 | C10: A | D10: 9 | E10: =IF(Foglio1!E10=0, 0, 1) -> 0 | F10: =IF(Foglio1!F10=0, 0, 1) -> 0 | G10: =IF(Foglio1!G10=0, 0, 1) -> 0 | H10: =IF(Foglio1!H10=0, 0, 1) -> 0 | I10: =IF(Foglio1!I10=0, 0, 1) -> 0 | J10: =IF(Foglio1!J10=0, 0, 1) -> 0 | K10: =IF(Foglio1!K10=0, 0, 1) -> 0 | L10: =IF(Foglio1!L10=0, 0, 1) -> 0 | ... W10: =IF(Foglio1!W10=0, 0, 1) -> 0 | X10: =SUM(E10:W10) -> 3 | AA10: =IF(Foglio1!AA10=0, 0, 1) -> 1 | AB10: =IF(Foglio1!AB10=0, 0, 1) -> 0 | AC10: =IF(Foglio1!AC10=0, 0, 1) -> 0 | AD10: =IF(Foglio1!AD10=0, 0, 1) -> 0 | AE10: =IF(Foglio1!AE10=0, 0, 1) -> 0 | AF10: =IF(Foglio1!AF10=0, 0, 1) -> 0 | AG10: =SUM(AA10:AF10) -> 1
A11: Sabrina | B11: 1 | C11: A | D11: 10 | E11: =IF(Foglio1!E11=0, 0, 1) -> 0 | F11: =IF(Foglio1!F11=0, 0, 1) -> 0 | G11: =IF(Foglio1!G11=0, 0, 1) -> 0 | H11: =IF(Foglio1!H11=0, 0, 1) -> 0 | I11: =IF(Foglio1!I11=0, 0, 1) -> 0 | J11: =IF(Foglio1!J11=0, 0, 1) -> 0 | K11: =IF(Foglio1!K11=0, 0, 1) -> 1 | L11: =IF(Foglio1!L11=0, 0, 1) -> 0 | ... W11: =IF(Foglio1!W11=0, 0, 1) -> 0 | X11: =SUM(E11:W11) -> 4 | AA11: =IF(Foglio1!AA11=0, 0, 1) -> 1 | AB11: =IF(Foglio1!AB11=0, 0, 1) -> 0 | AC11: =IF(Foglio1!AC11=0, 0, 1) -> 0 | AD11: =IF(Foglio1!AD11=0, 0, 1) -> 0 | AE11: =IF(Foglio1!AE11=0, 0, 1) -> 0 | AF11: =IF(Foglio1!AF11=0, 0, 1) -> 0 | AG11: =SUM(AA11:AF11) -> 1
A12: Sabrina | B12: 1 | C12: A | D12: 11 | E12: =IF(Foglio1!E12=0, 0, 1) -> 0 | F12: =IF(Foglio1!F12=0, 0, 1) -> 0 | G12: =IF(Foglio1!G12=0, 0, 1) -> 0 | H12: =IF(Foglio1!H12=0, 0, 1) -> 0 | I12: =IF(Foglio1!I12=0, 0, 1) -> 1 | J12: =IF(Foglio1!J12=0, 0, 1) -> 0 | K12: =IF(Foglio1!K12=0, 0, 1) -> 0 | L12: =IF(Foglio1!L12=0, 0, 1) -> 1 | ... W12: =IF(Foglio1!W12=0, 0, 1) -> 0 | X12: =SUM(E12:W12) -> 5 | AA12: =IF(Foglio1!AA12=0, 0, 1) -> 1 | AB12: =IF(Foglio1!AB12=0, 0, 1) -> 0 | AC12: =IF(Foglio1!AC12=0, 0, 1) -> 0 | AD12: =IF(Foglio1!AD12=0, 0, 1) -> 0 | AE12: =IF(Foglio1!AE12=0, 0, 1) -> 0 | AF12: =IF(Foglio1!AF12=0, 0, 1) -> 0 | AG12: =SUM(AA12:AF12) -> 1
A13: Paolo | B13: 1 | C13: A | D13: 12 | E13: =IF(Foglio1!E13=0, 0, 1) -> 1 | F13: =IF(Foglio1!F13=0, 0, 1) -> 0 | G13: =IF(Foglio1!G13=0, 0, 1) -> 0 | H13: =IF(Foglio1!H13=0, 0, 1) -> 0 | I13: =IF(Foglio1!I13=0, 0, 1) -> 1 | J13: =IF(Foglio1!J13=0, 0, 1) -> 1 | K13: =IF(Foglio1!K13=0, 0, 1) -> 0 | L13: =IF(Foglio1!L13=0, 0, 1) -> 1 | ... W13: =IF(Foglio1!W13=0, 0, 1) -> 1 | X13: =SUM(E13:W13) -> 7 | AA13: =IF(Foglio1!AA13=0, 0, 1) -> 0 | AB13: =IF(Foglio1!AB13=0, 0, 1) -> 0 | AC13: =IF(Foglio1!AC13=0, 0, 1) -> 0 | AD13: =IF(Foglio1!AD13=0, 0, 1) -> 0 | AE13: =IF(Foglio1!AE13=0, 0, 1) -> 0 | AF13: =IF(Foglio1!AF13=0, 0, 1) -> 1 | AG13: =SUM(AA13:AF13) -> 1
... A91: Tollardo/Cecchini prova | B91: 2 | C91: C | D91: 30 | E91: =IF(Foglio1!E91=0, 0, 1) -> 0 | F91: =IF(Foglio1!F91=0, 0, 1) -> 0 | G91: =IF(Foglio1!G91=0, 0, 1) -> 0 | H91: =IF(Foglio1!H91=0, 0, 1) -> 0 | I91: =IF(Foglio1!I91=0, 0, 1) -> 0 | J91: =IF(Foglio1!J91=0, 0, 1) -> 0 | K91: =IF(Foglio1!K91=0, 0, 1) -> 0 | L91: =IF(Foglio1!L91=0, 0, 1) -> 0 | ... W91: =IF(Foglio1!W91=0, 0, 1) -> 1 | X91: =SUM(E91:W91) -> 3 | AA91: =IF(Foglio1!AA91=0, 0, 1) -> 0 | AB91: =IF(Foglio1!AB91=0, 0, 1) -> 0 | AC91: =IF(Foglio1!AC91=0, 0, 1) -> 0 | AD91: =IF(Foglio1!AD91=0, 0, 1) -> 0 | AE91: =IF(Foglio1!AE91=0, 0, 1) -> 0 | AF91: =IF(Foglio1!AF91=0, 0, 1) -> 0 | AG91: =SUM(AA91:AF91) -> 0

Sheet Sito A
A1: Sperimentatore | B1: GRUPPO 1 | C1: SITE | D1: REPLICA | E1: Acetabularia acetabulum | F1: Amphiroa rigida | G1: Codium bursa | H1: Corallina sp. | I1: Corallinaceae | J1: Dichtyota dicotoma | K1: Flabellia petiolata | L1: Halimeda tuna | M1: Laurencia obtusa | N1: Padina pavonica | O1: Feltro algale | P1: Aplysina aerophoba | Q1: Cliona sp. | R1: Ircinia sp. | S1: Arca noae | T1: Gastrochaena dubia | U1: Patella caerulea | V1: Balanidae | X1: S (ricoprimento) | AA1: Cerithium vulgatum (n° individui) | AB1: Conus sp. e Phorcus sp. (n° individui) | AC1: Hexaplex trunculus (n° individui) | AD1: Holothuria tubulosa (n° individui) | AE1: Maja squinado (n° individui) | AF1: Paguroidea (n° individui) | AG1: S (n) | AH1: S riga | AI1: S
A2: Vincenzo | B2: 1 | C2: A | D2: 1 | E2: =IF(Foglio1!E2=0, 0, 1) -> 0 | F2: =IF(Foglio1!F2=0, 0, 1) -> 0 | G2: =IF(Foglio1!G2=0, 0, 1) -> 0 | H2: =IF(Foglio1!H2=0, 0, 1) -> 0 | I2: =IF(Foglio1!I2=0, 0, 1) -> 0 | J2: =IF(Foglio1!J2=0, 0, 1) -> 1 | K2: =IF(Foglio1!K2=0, 0, 1) -> 1 | L2: =IF(Foglio1!L2=0, 0, 1) -> 0 | ... W2: =IF(Foglio1!W2=0, 0, 1) -> 1 | X2: =SUM(E2:W2) -> 6 | AA2: =IF(Foglio1!AA2=0, 0, 1) -> 1 | AB2: =IF(Foglio1!AB2=0, 0, 1) -> 0 | AC2: =IF(Foglio1!AC2=0, 0, 1) -> 0 | AD2: =IF(Foglio1!AD2=0, 0, 1) -> 0 | AE2: =IF(Foglio1!AE2=0, 0, 1) -> 0 | AF2: =IF(Foglio1!AF2=0, 0, 1) -> 0 | AG2: =SUM(AA2:AF2) -> 1 | AH2: =X2+AG2 -> 7 | AI2: =X32+AG32 -> 20
A3: Vincenzo | B3: 1 | C3: A | D3: 2 | E3: =IF(Foglio1!E3=0, 0, 1) -> 1 | F3: =IF(Foglio1!F3=0, 0, 1) -> 0 | G3: =IF(Foglio1!G3=0, 0, 1) -> 0 | H3: =IF(Foglio1!H3=0, 0, 1) -> 0 | I3: =IF(Foglio1!I3=0, 0, 1) -> 0 | J3: =IF(Foglio1!J3=0, 0, 1) -> 1 | K3: =IF(Foglio1!K3=0, 0, 1) -> 1 | L3: =IF(Foglio1!L3=0, 0, 1) -> 1 | ... W3: =IF(Foglio1!W3=0, 0, 1) -> 0 | X3: =SUM(E3:W3) -> 6 | AA3: =IF(Foglio1!AA3=0, 0, 1) -> 1 | AB3: =IF(Foglio1!AB3=0, 0, 1) -> 0 | AC3: =IF(Foglio1!AC3=0, 0, 1) -> 0 | AD3: =IF(Foglio1!AD3=0, 0, 1) -> 0 | AE3: =IF(Foglio1!AE3=0, 0, 1) -> 0 | AF3: =IF(Foglio1!AF3=0, 0, 1) -> 0 | AG3: =SUM(AA3:AF3) -> 1 | AH3: =X3+AG3 -> 7
A4: Vincenzo | B4: 1 | C4: A | D4: 3 | E4: =IF(Foglio1!E4=0, 0, 1) -> 1 | F4: =IF(Foglio1!F4=0, 0, 1) -> 0 | G4: =IF(Foglio1!G4=0, 0, 1) -> 0 | H4: =IF(Foglio1!H4=0, 0, 1) -> 0 | I4: =IF(Foglio1!I4=0, 0, 1) -> 0 | J4: =IF(Foglio1!J4=0, 0, 1) -> 1 | K4: =IF(Foglio1!K4=0, 0, 1) -> 0 | L4: =IF(Foglio1!L4=0, 0, 1) -> 1 | ... W4: =IF(Foglio1!W4=0, 0, 1) -> 1 | X4: =SUM(E4:W4) -> 6 | AA4: =IF(Foglio1!AA4=0, 0, 1) -> 1 | AB4: =IF(Foglio1!AB4=0, 0, 1) -> 0 | AC4: =IF(Foglio1!AC4=0, 0, 1) -> 1 | AD4: =IF(Foglio1!AD4=0, 0, 1) -> 0 | AE4: =IF(Foglio1!AE4=0, 0, 1) -> 0 | AF4: =IF(Foglio1!AF4=0, 0, 1) -> 0 | AG4: =SUM(AA4:AF4) -> 2 | AH4: =X4+AG4 -> 8
A5: Vincenzo | B5: 1 | C5: A | D5: 4 | E5: =IF(Foglio1!E5=0, 0, 1) -> 1 | F5: =IF(Foglio1!F5=0, 0, 1) -> 0 | G5: =IF(Foglio1!G5=0, 0, 1) -> 0 | H5: =IF(Foglio1!H5=0, 0, 1) -> 0 | I5: =IF(Foglio1!I5=0, 0, 1) -> 0 | J5: =IF(Foglio1!J5=0, 0, 1) -> 1 | K5: =IF(Foglio1!K5=0, 0, 1) -> 0 | L5: =IF(Foglio1!L5=0, 0, 1) -> 0 | ... W5: =IF(Foglio1!W5=0, 0, 1) -> 1 | X5: =SUM(E5:W5) -> 6 | AA5: =IF(Foglio1!AA5=0, 0, 1) -> 0 | AB5: =IF(Foglio1!AB5=0, 0, 1) -> 0 | AC5: =IF(Foglio1!AC5=0, 0, 1) -> 0 | AD5: =IF(Foglio1!AD5=0, 0, 1) -> 0 | AE5: =IF(Foglio1!AE5=0, 0, 1) -> 0 | AF5: =IF(Foglio1!AF5=0, 0, 1) -> 0 | AG5: =SUM(AA5:AF5) -> 0 | AH5: =X5+AG5 -> 6
A6: Enrico | B6: 1 | C6: A | D6: 5 | E6: =IF(Foglio1!E6=0, 0, 1) -> 1 | F6: =IF(Foglio1!F6=0, 0, 1) -> 0 | G6: =IF(Foglio1!G6=0, 0, 1) -> 0 | H6: =IF(Foglio1!H6=0, 0, 1) -> 0 | I6: =IF(Foglio1!I6=0, 0, 1) -> 1 | J6: =IF(Foglio1!J6=0, 0, 1) -> 1 | K6: =IF(Foglio1!K6=0, 0, 1) -> 0 | L6: =IF(Foglio1!L6=0, 0, 1) -> 1 | ... W6: =IF(Foglio1!W6=0, 0, 1) -> 1 | X6: =SUM(E6:W6) -> 7 | AA6: =IF(Foglio1!AA6=0, 0, 1) -> 0 | AB6: =IF(Foglio1!AB6=0, 0, 1) -> 0 | AC6: =IF(Foglio1!AC6=0, 0, 1) -> 0 | AD6: =IF(Foglio1!AD6=0, 0, 1) -> 0 | AE6: =IF(Foglio1!AE6=0, 0, 1) -> 0 | AF6: =IF(Foglio1!AF6=0, 0, 1) -> 0 | AG6: =SUM(AA6:AF6) -> 0 | AH6: =X6+AG6 -> 7
A7: Enrico | B7: 1 | C7: A | D7: 6 | E7: =IF(Foglio1!E7=0, 0, 1) -> 1 | F7: =IF(Foglio1!F7=0, 0, 1) -> 0 | G7: =IF(Foglio1!G7=0, 0, 1) -> 0 | H7: =IF(Foglio1!H7=0, 0, 1) -> 0 | I7: =IF(Foglio1!I7=0, 0, 1) -> 1 | J7: =IF(Foglio1!J7=0, 0, 1) -> 1 | K7: =IF(Foglio1!K7=0, 0, 1) -> 0 | L7: =IF(Foglio1!L7=0, 0, 1) -> 1 | ... W7: =IF(Foglio1!W7=0, 0, 1) -> 0 | X7: =SUM(E7:W7) -> 6 | AA7: =IF(Foglio1!AA7=0, 0, 1) -> 1 | AB7: =IF(Foglio1!AB7=0, 0, 1) -> 0 | AC7: =IF(Foglio1!AC7=0, 0, 1) -> 0 | AD7: =IF(Foglio1!AD7=0, 0, 1) -> 0 | AE7: =IF(Foglio1!AE7=0, 0, 1) -> 0 | AF7: =IF(Foglio1!AF7=0, 0, 1) -> 0 | AG7: =SUM(AA7:AF7) -> 1 | AH7: =X7+AG7 -> 7
A8: Enrico | B8: 1 | C8: A | D8: 7 | E8: =IF(Foglio1!E8=0, 0, 1) -> 1 | F8: =IF(Foglio1!F8=0, 0, 1) -> 0 | G8: =IF(Foglio1!G8=0, 0, 1) -> 0 | H8: =IF(Foglio1!H8=0, 0, 1) -> 0 | I8: =IF(Foglio1!I8=0, 0, 1) -> 0 | J8: =IF(Foglio1!J8=0, 0, 1) -> 1 | K8: =IF(Foglio1!K8=0, 0, 1) -> 0 | L8: =IF(Foglio1!L8=0, 0, 1) -> 0 | ... W8: =IF(Foglio1!W8=0, 0, 1) -> 0 | X8: =SUM(E8:W8) -> 4 | AA8: =IF(Foglio1!AA8=0, 0, 1) -> 1 | AB8: =IF(Foglio1!AB8=0, 0, 1) -> 0 | AC8: =IF(Foglio1!AC8=0, 0, 1) -> 0 | AD8: =IF(Foglio1!AD8=0, 0, 1) -> 0 | AE8: =IF(Foglio1!AE8=0, 0, 1) -> 0 | AF8: =IF(Foglio1!AF8=0, 0, 1) -> 0 | AG8: =SUM(AA8:AF8) -> 1 | AH8: =X8+AG8 -> 5
A9: Simone | B9: 1 | C9: A | D9: 8 | E9: =IF(Foglio1!E9=0, 0, 1) -> 0 | F9: =IF(Foglio1!F9=0, 0, 1) -> 1 | G9: =IF(Foglio1!G9=0, 0, 1) -> 0 | H9: =IF(Foglio1!H9=0, 0, 1) -> 0 | I9: =IF(Foglio1!I9=0, 0, 1) -> 0 | J9: =IF(Foglio1!J9=0, 0, 1) -> 1 | K9: =IF(Foglio1!K9=0, 0, 1) -> 0 | L9: =IF(Foglio1!L9=0, 0, 1) -> 1 | ... W9: =IF(Foglio1!W9=0, 0, 1) -> 1 | X9: =SUM(E9:W9) -> 8 | AA9: =IF(Foglio1!AA9=0, 0, 1) -> 1 | AB9: =IF(Foglio1!AB9=0, 0, 1) -> 0 | AC9: =IF(Foglio1!AC9=0, 0, 1) -> 0 | AD9: =IF(Foglio1!AD9=0, 0, 1) -> 0 | AE9: =IF(Foglio1!AE9=0, 0, 1) -> 0 | AF9: =IF(Foglio1!AF9=0, 0, 1) -> 0 | AG9: =SUM(AA9:AF9) -> 1 | AH9: =X9+AG9 -> 9
A10: Simone | B10: 1 | C10: A | D10: 9 | E10: =IF(Foglio1!E10=0, 0, 1) -> 0 | F10: =IF(Foglio1!F10=0, 0, 1) -> 0 | G10: =IF(Foglio1!G10=0, 0, 1) -> 0 | H10: =IF(Foglio1!H10=0, 0, 1) -> 0 | I10: =IF(Foglio1!I10=0, 0, 1) -> 0 | J10: =IF(Foglio1!J10=0, 0, 1) -> 0 | K10: =IF(Foglio1!K10=0, 0, 1) -> 0 | L10: =IF(Foglio1!L10=0, 0, 1) -> 0 | ... W10: =IF(Foglio1!W10=0, 0, 1) -> 0 | X10: =SUM(E10:W10) -> 3 | AA10: =IF(Foglio1!AA10=0, 0, 1) -> 1 | AB10: =IF(Foglio1!AB10=0, 0, 1) -> 0 | AC10: =IF(Foglio1!AC10=0, 0, 1) -> 0 | AD10: =IF(Foglio1!AD10=0, 0, 1) -> 0 | AE10: =IF(Foglio1!AE10=0, 0, 1) -> 0 | AF10: =IF(Foglio1!AF10=0, 0, 1) -> 0 | AG10: =SUM(AA10:AF10) -> 1 | AH10: =X10+AG10 -> 4
A11: Sabrina | B11: 1 | C11: A | D11: 10 | E11: =IF(Foglio1!E11=0, 0, 1) -> 0 | F11: =IF(Foglio1!F11=0, 0, 1) -> 0 | G11: =IF(Foglio1!G11=0, 0, 1) -> 0 | H11: =IF(Foglio1!H11=0, 0, 1) -> 0 | I11: =IF(Foglio1!I11=0, 0, 1) -> 0 | J11: =IF(Foglio1!J11=0, 0, 1) -> 0 | K11: =IF(Foglio1!K11=0, 0, 1) -> 1 | L11: =IF(Foglio1!L11=0, 0, 1) -> 0 | ... W11: =IF(Foglio1!W11=0, 0, 1) -> 0 | X11: =SUM(E11:W11) -> 4 | AA11: =IF(Foglio1!AA11=0, 0, 1) -> 1 | AB11: =IF(Foglio1!AB11=0, 0, 1) -> 0 | AC11: =IF(Foglio1!AC11=0, 0, 1) -> 0 | AD11: =IF(Foglio1!AD11=0, 0, 1) -> 0 | AE11: =IF(Foglio1!AE11=0, 0, 1) -> 0 | AF11: =IF(Foglio1!AF11=0, 0, 1) -> 0 | AG11: =SUM(AA11:AF11) -> 1 | AH11: =X11+AG11 -> 5
A12: Sabrina | B12: 1 | C12: A | D12: 11 | E12: =IF(Foglio1!E12=0, 0, 1) -> 0 | F12: =IF(Foglio1!F12=0, 0, 1) -> 0 | G12: =IF(Foglio1!G12=0, 0, 1) -> 0 | H12: =IF(Foglio1!H12=0, 0, 1) -> 0 | I12: =IF(Foglio1!I12=0, 0, 1) -> 1 | J12: =IF(Foglio1!J12=0, 0, 1) -> 0 | K12: =IF(Foglio1!K12=0, 0, 1) -> 0 | L12: =IF(Foglio1!L12=0, 0, 1) -> 1 | ... W12: =IF(Foglio1!W12=0, 0, 1) -> 0 | X12: =SUM(E12:W12) -> 5 | AA12: =IF(Foglio1!AA12=0, 0, 1) -> 1 | AB12: =IF(Foglio1!AB12=0, 0, 1) -> 0 | AC12: =IF(Foglio1!AC12=0, 0, 1) -> 0 | AD12: =IF(Foglio1!AD12=0, 0, 1) -> 0 | AE12: =IF(Foglio1!AE12=0, 0, 1) -> 0 | AF12: =IF(Foglio1!AF12=0, 0, 1) -> 0 | AG12: =SUM(AA12:AF12) -> 1 | AH12: =X12+AG12 -> 6
A13: Paolo | B13: 1 | C13: A | D13: 12 | E13: =IF(Foglio1!E13=0, 0, 1) -> 1 | F13: =IF(Foglio1!F13=0, 0, 1) -> 0 | G13: =IF(Foglio1!G13=0, 0, 1) -> 0 | H13: =IF(Foglio1!H13=0, 0, 1) -> 0 | I13: =IF(Foglio1!I13=0, 0, 1) -> 1 | J13: =IF(Foglio1!J13=0, 0, 1) -> 1 | K13: =IF(Foglio1!K13=0, 0, 1) -> 0 | L13: =IF(Foglio1!L13=0, 0, 1) -> 1 | ... W13: =IF(Foglio1!W13=0, 0, 1) -> 1 | X13: =SUM(E13:W13) -> 7 | AA13: =IF(Foglio1!AA13=0, 0, 1) -> 0 | AB13: =IF(Foglio1!AB13=0, 0, 1) -> 0 | AC13: =IF(Foglio1!AC13=0, 0, 1) -> 0 | AD13: =IF(Foglio1!AD13=0, 0, 1) -> 0 | AE13: =IF(Foglio1!AE13=0, 0, 1) -> 0 | AF13: =IF(Foglio1!AF13=0, 0, 1) -> 1 | AG13: =SUM(AA13:AF13) -> 1 | AH13: =X13+AG13 -> 8
A14: Paolo | B14: 1 | C14: A | D14: 13 | E14: =IF(Foglio1!E14=0, 0, 1) -> 0 | F14: =IF(Foglio1!F14=0, 0, 1) -> 0 | G14: =IF(Foglio1!G14=0, 0, 1) -> 0 | H14: =IF(Foglio1!H14=0, 0, 1) -> 0 | I14: =IF(Foglio1!I14=0, 0, 1) -> 1 | J14: =IF(Foglio1!J14=0, 0, 1) -> 1 | K14: =IF(Foglio1!K14=0, 0, 1) -> 0 | L14: =IF(Foglio1!L14=0, 0, 1) -> 1 | ... W14: =IF(Foglio1!W14=0, 0, 1) -> 0 | X14: =SUM(E14:W14) -> 5 | AA14: =IF(Foglio1!AA14=0, 0, 1) -> 1 | AB14: =IF(Foglio1!AB14=0, 0, 1) -> 0 | AC14: =IF(Foglio1!AC14=0, 0, 1) -> 1 | AD14: =IF(Foglio1!AD14=0, 0, 1) -> 0 | AE14: =IF(Foglio1!AE14=0, 0, 1) -> 0 | AF14: =IF(Foglio1!AF14=0, 0, 1) -> 0 | AG14: =SUM(AA14:AF14) -> 2 | AH14: =X14+AG14 -> 7
... A31: Eugenia | B31: 1 | C31: A | D31: 30 | E31: =IF(Foglio1!E31=0, 0, 1) -> 1 | F31: =IF(Foglio1!F31=0, 0, 1) -> 0 | G31: =IF(Foglio1!G31=0, 0, 1) -> 0 | H31: =IF(Foglio1!H31=0, 0, 1) -> 1 | I31: =IF(Foglio1!I31=0, 0, 1) -> 1 | J31: =IF(Foglio1!J31=0, 0, 1) -> 1 | K31: =IF(Foglio1!K31=0, 0, 1) -> 0 | L31: =IF(Foglio1!L31=0, 0, 1) -> 1 | ... W31: =IF(Foglio1!W31=0, 0, 1) -> 1 | X31: =SUM(E31:W31) -> 8 | AA31: =IF(Foglio1!AA31=0, 0, 1) -> 0 | AB31: =IF(Foglio1!AB31=0, 0, 1) -> 0 | AC31: =IF(Foglio1!AC31=0, 0, 1) -> 0 | AD31: =IF(Foglio1!AD31=0, 0, 1) -> 0 | AE31: =IF(Foglio1!AE31=0, 0, 1) -> 0 | AF31: =IF(Foglio1!AF31=0, 0, 1) -> 0 | AG31: =SUM(AA31:AF31) -> 0 | AH31: =X31+AG31 -> 8
E32: =IF(SUM(A1:E2)=0,0,1) -> 1 | F32: =IF(SUM(B1:F2)=0,0,1) -> 1 | G32: =IF(SUM(C1:G2)=0,0,1) -> 1 | H32: =IF(SUM(D1:H2)=0,0,1) -> 1 | I32: =IF(SUM(E1:I2)=0,0,1) -> 0 | J32: =IF(SUM(F1:J2)=0,0,1) -> 1 | K32: =IF(SUM(G1:K2)=0,0,1) -> 1 | L32: =IF(SUM(H1:L2)=0,0,1) -> 1 | ... W32: =IF(SUM(S1:W2)=0,0,1) -> 1 | X32: =SUM(E32:W32) -> 15 | AA32: =IF(SUM(W1:AA2)=0,0,1) -> 1 | AB32: =IF(SUM(X1:AB2)=0,0,1) -> 1 | AC32: =IF(SUM(Y1:AC2)=0,0,1) -> 1 | AD32: =IF(SUM(Z1:AD2)=0,0,1) -> 1 | AE32: =IF(SUM(AA1:AE2)=0,0,1) -> 1 | AF32: =IF(SUM(AB1:AF2)=0,0,1) -> 0 | AG32: =SUM(AA32:AF32) -> 5

Sheet Sito B
A1: Sperimentatore | B1: GRUPPO 1 | C1: SITE | D1: REPLICA | E1: Acetabularia acetabulum | F1: Amphiroa rigida | G1: Codium bursa | H1: Corallina sp. | I1: Corallinaceae | J1: Dichtyota dicotoma | K1: Flabellia petiolata | L1: Halimeda tuna | M1: Laurencia obtusa | N1: Padina pavonica | O1: Feltro algale | P1: Aplysina aerophoba | Q1: Cliona sp. | R1: Ircinia sp. | S1: Arca noae | T1: Gastrochaena dubia | U1: Patella caerulea | V1: Balanidae | W1: Paracentrotus lividus | X1: S (ricoprimento) | AA1: Cerithium vulgatum (n° individui) | AB1: Conus sp. e Phorcus sp. (n° individui) | AC1: Hexaplex trunculus (n° individui) | AD1: Holothuria tubulosa (n° individui) | AE1: Maja squinado (n° individui) | AF1: Paguroidea (n° individui) | AG1: S (n) | AH1: S riga | AI1: S
A2: Althea | B2: 3 | C2: B | D2: 1 | E2: =IF(Foglio1!E34=0, 0, 1) -> 1 | F2: =IF(Foglio1!F34=0, 0, 1) -> 0 | G2: =IF(Foglio1!G34=0, 0, 1) -> 0 | H2: =IF(Foglio1!H34=0, 0, 1) -> 1 | I2: =IF(Foglio1!I34=0, 0, 1) -> 1 | J2: =IF(Foglio1!J34=0, 0, 1) -> 1 | K2: =IF(Foglio1!K34=0, 0, 1) -> 0 | L2: =IF(Foglio1!L34=0, 0, 1) -> 0 | ... W2: =IF(Foglio1!W34=0, 0, 1) -> 0 | X2: =SUM(E2:W2) -> 5 | AA2: =IF(Foglio1!AA34=0, 0, 1) -> 0 | AB2: =IF(Foglio1!AB34=0, 0, 1) -> 0 | AC2: =IF(Foglio1!AC34=0, 0, 1) -> 0 | AD2: =IF(Foglio1!AD34=0, 0, 1) -> 0 | AE2: =IF(Foglio1!AE34=0, 0, 1) -> 0 | AF2: =IF(Foglio1!AF34=0, 0, 1) -> 0 | AG2: =SUM(AA2:AF2) -> 0 | AH2: =X2+AG2 -> 5 | AI2: =X32+AG32 -> 16
A3: Althea | B3: 3 | C3: B | D3: 2 | E3: =IF(Foglio1!E35=0, 0, 1) -> 1 | F3: =IF(Foglio1!F35=0, 0, 1) -> 0 | G3: =IF(Foglio1!G35=0, 0, 1) -> 0 | H3: =IF(Foglio1!H35=0, 0, 1) -> 0 | I3: =IF(Foglio1!I35=0, 0, 1) -> 0 | J3: =IF(Foglio1!J35=0, 0, 1) -> 1 | K3: =IF(Foglio1!K35=0, 0, 1) -> 0 | L3: =IF(Foglio1!L35=0, 0, 1) -> 0 | ... W3: =IF(Foglio1!W35=0, 0, 1) -> 0 | X3: =SUM(E3:W3) -> 4 | AA3: =IF(Foglio1!AA35=0, 0, 1) -> 0 | AB3: =IF(Foglio1!AB35=0, 0, 1) -> 0 | AC3: =IF(Foglio1!AC35=0, 0, 1) -> 0 | AD3: =IF(Foglio1!AD35=0, 0, 1) -> 0 | AE3: =IF(Foglio1!AE35=0, 0, 1) -> 0 | AF3: =IF(Foglio1!AF35=0, 0, 1) -> 0 | AG3: =SUM(AA3:AF3) -> 0 | AH3: =X3+AG3 -> 4
A4: Althea | B4: 3 | C4: B | D4: 3 | E4: =IF(Foglio1!E36=0, 0, 1) -> 1 | F4: =IF(Foglio1!F36=0, 0, 1) -> 0 | G4: =IF(Foglio1!G36=0, 0, 1) -> 0 | H4: =IF(Foglio1!H36=0, 0, 1) -> 1 | I4: =IF(Foglio1!I36=0, 0, 1) -> 0 | J4: =IF(Foglio1!J36=0, 0, 1) -> 1 | K4: =IF(Foglio1!K36=0, 0, 1) -> 0 | L4: =IF(Foglio1!L36=0, 0, 1) -> 1 | ... W4: =IF(Foglio1!W36=0, 0, 1) -> 0 | X4: =SUM(E4:W4) -> 6 | AA4: =IF(Foglio1!AA36=0, 0, 1) -> 0 | AB4: =IF(Foglio1!AB36=0, 0, 1) -> 1 | AC4: =IF(Foglio1!AC36=0, 0, 1) -> 0 | AD4: =IF(Foglio1!AD36=0, 0, 1) -> 0 | AE4: =IF(Foglio1!AE36=0, 0, 1) -> 0 | AF4: =IF(Foglio1!AF36=0, 0, 1) -> 1 | AG4: =SUM(AA4:AF4) -> 2 | AH4: =X4+AG4 -> 8
A5: Greta | B5: 3 | C5: B | D5: 4 | E5: =IF(Foglio1!E37=0, 0, 1) -> 0 | F5: =IF(Foglio1!F37=0, 0, 1) -> 0 | G5: =IF(Foglio1!G37=0, 0, 1) -> 0 | H5: =IF(Foglio1!H37=0, 0, 1) -> 0 | I5: =IF(Foglio1!I37=0, 0, 1) -> 1 | J5: =IF(Foglio1!J37=0, 0, 1) -> 1 | K5: =IF(Foglio1!K37=0, 0, 1) -> 0 | L5: =IF(Foglio1!L37=0, 0, 1) -> 1 | ... W5: =IF(Foglio1!W37=0, 0, 1) -> 0 | X5: =SUM(E5:W5) -> 5 | AA5: =IF(Foglio1!AA37=0, 0, 1) -> 1 | AB5: =IF(Foglio1!AB37=0, 0, 1) -> 0 | AC5: =IF(Foglio1!AC37=0, 0, 1) -> 0 | AD5: =IF(Foglio1!AD37=0, 0, 1) -> 0 | AE5: =IF(Foglio1!AE37=0, 0, 1) -> 0 | AF5: =IF(Foglio1!AF37=0, 0, 1) -> 1 | AG5: =SUM(AA5:AF5) -> 2 | AH5: =X5+AG5 -> 7
A6: Greta | B6: 3 | C6: B | D6: 5 | E6: =IF(Foglio1!E38=0, 0, 1) -> 1 | F6: =IF(Foglio1!F38=0, 0, 1) -> 0 | G6: =IF(Foglio1!G38=0, 0, 1) -> 0 | H6: =IF(Foglio1!H38=0, 0, 1) -> 1 | I6: =IF(Foglio1!I38=0, 0, 1) -> 0 | J6: =IF(Foglio1!J38=0, 0, 1) -> 0 | K6: =IF(Foglio1!K38=0, 0, 1) -> 0 | L6: =IF(Foglio1!L38=0, 0, 1) -> 1 | ... W6: =IF(Foglio1!W38=0, 0, 1) -> 0 | X6: =SUM(E6:W6) -> 5 | AA6: =IF(Foglio1!AA38=0, 0, 1) -> 0 | AB6: =IF(Foglio1!AB38=0, 0, 1) -> 0 | AC6: =IF(Foglio1!AC38=0, 0, 1) -> 0 | AD6: =IF(Foglio1!AD38=0, 0, 1) -> 0 | AE6: =IF(Foglio1!AE38=0, 0, 1) -> 0 | AF6: =IF(Foglio1!AF38=0, 0, 1) -> 1 | AG6: =SUM(AA6:AF6) -> 1 | AH6: =X6+AG6 -> 6
A7: Greta | B7: 3 | C7: B | D7: 6 | E7: =IF(Foglio1!E39=0, 0, 1) -> 0 | F7: =IF(Foglio1!F39=0, 0, 1) -> 0 | G7: =IF(Foglio1!G39=0, 0, 1) -> 0 | H7: =IF(Foglio1!H39=0, 0, 1) -> 0 | I7: =IF(Foglio1!I39=0, 0, 1) -> 1 | J7: =IF(Foglio1!J39=0, 0, 1) -> 1 | K7: =IF(Foglio1!K39=0, 0, 1) -> 0 | L7: =IF(Foglio1!L39=0, 0, 1) -> 1 | ... W7: =IF(Foglio1!W39=0, 0, 1) -> 0 | X7: =SUM(E7:W7) -> 4 | AA7: =IF(Foglio1!AA39=0, 0, 1) -> 0 | AB7: =IF(Foglio1!AB39=0, 0, 1) -> 0 | AC7: =IF(Foglio1!AC39=0, 0, 1) -> 0 | AD7: =IF(Foglio1!AD39=0, 0, 1) -> 0 | AE7: =IF(Foglio1!AE39=0, 0, 1) -> 0 | AF7: =IF(Foglio1!AF39=0, 0, 1) -> 0 | AG7: =SUM(AA7:AF7) -> 0 | AH7: =X7+AG7 -> 4
A8: Marika | B8: 3 | C8: B | D8: 7 | E8: =IF(Foglio1!E40=0, 0, 1) -> 0 | F8: =IF(Foglio1!F40=0, 0, 1) -> 0 | G8: =IF(Foglio1!G40=0, 0, 1) -> 0 | H8: =IF(Foglio1!H40=0, 0, 1) -> 0 | I8: =IF(Foglio1!I40=0, 0, 1) -> 1 | J8: =IF(Foglio1!J40=0, 0, 1) -> 1 | K8: =IF(Foglio1!K40=0, 0, 1) -> 0 | L8: =IF(Foglio1!L40=0, 0, 1) -> 1 | ... W8: =IF(Foglio1!W40=0, 0, 1) -> 0 | X8: =SUM(E8:W8) -> 5 | AA8: =IF(Foglio1!AA40=0, 0, 1) -> 1 | AB8: =IF(Foglio1!AB40=0, 0, 1) -> 0 | AC8: =IF(Foglio1!AC40=0, 0, 1) -> 0 | AD8: =IF(Foglio1!AD40=0, 0, 1) -> 0 | AE8: =IF(Foglio1!AE40=0, 0, 1) -> 0 | AF8: =IF(Foglio1!AF40=0, 0, 1) -> 0 | AG8: =SUM(AA8:AF8) -> 1 | AH8: =X8+AG8 -> 6
A9: Marika | B9: 3 | C9: B | D9: 8 | E9: =IF(Foglio1!E41=0, 0, 1) -> 0 | F9: =IF(Foglio1!F41=0, 0, 1) -> 0 | G9: =IF(Foglio1!G41=0, 0, 1) -> 0 | H9: =IF(Foglio1!H41=0, 0, 1) -> 0 | I9: =IF(Foglio1!I41=0, 0, 1) -> 1 | J9: =IF(Foglio1!J41=0, 0, 1) -> 1 | K9: =IF(Foglio1!K41=0, 0, 1) -> 0 | L9: =IF(Foglio1!L41=0, 0, 1) -> 1 | ... W9: =IF(Foglio1!W41=0, 0, 1) -> 0 | X9: =SUM(E9:W9) -> 5 | AA9: =IF(Foglio1!AA41=0, 0, 1) -> 0 | AB9: =IF(Foglio1!AB41=0, 0, 1) -> 0 | AC9: =IF(Foglio1!AC41=0, 0, 1) -> 0 | AD9: =IF(Foglio1!AD41=0, 0, 1) -> 0 | AE9: =IF(Foglio1!AE41=0, 0, 1) -> 0 | AF9: =IF(Foglio1!AF41=0, 0, 1) -> 0 | AG9: =SUM(AA9:AF9) -> 0 | AH9: =X9+AG9 -> 5
A10: Marika | B10: 3 | C10: B | D10: 9 | E10: =IF(Foglio1!E42=0, 0, 1) -> 0 | F10: =IF(Foglio1!F42=0, 0, 1) -> 1 | G10: =IF(Foglio1!G42=0, 0, 1) -> 0 | H10: =IF(Foglio1!H42=0, 0, 1) -> 0 | I10: =IF(Foglio1!I42=0, 0, 1) -> 1 | J10: =IF(Foglio1!J42=0, 0, 1) -> 0 | K10: =IF(Foglio1!K42=0, 0, 1) -> 0 | L10: =IF(Foglio1!L42=0, 0, 1) -> 1 | ... W10: =IF(Foglio1!W42=0, 0, 1) -> 1 | X10: =SUM(E10:W10) -> 5 | AA10: =IF(Foglio1!AA42=0, 0, 1) -> 1 | AB10: =IF(Foglio1!AB42=0, 0, 1) -> 0 | AC10: =IF(Foglio1!AC42=0, 0, 1) -> 0 | AD10: =IF(Foglio1!AD42=0, 0, 1) -> 0 | AE10: =IF(Foglio1!AE42=0, 0, 1) -> 0 | AF10: =IF(Foglio1!AF42=0, 0, 1) -> 0 | AG10: =SUM(AA10:AF10) -> 1 | AH10: =X10+AG10 -> 6
A11: Mattia | B11: 3 | C11: B | D11: 10 | E11: =IF(Foglio1!E43=0, 0, 1) -> 0 | F11: =IF(Foglio1!F43=0, 0, 1) -> 1 | G11: =IF(Foglio1!G43=0, 0, 1) -> 0 | H11: =IF(Foglio1!H43=0, 0, 1) -> 0 | I11: =IF(Foglio1!I43=0, 0, 1) -> 1 | J11: =IF(Foglio1!J43=0, 0, 1) -> 0 | K11: =IF(Foglio1!K43=0, 0, 1) -> 0 | L11: =IF(Foglio1!L43=0, 0, 1) -> 1 | ... W11: =IF(Foglio1!W43=0, 0, 1) -> 0 | X11: =SUM(E11:W11) -> 5 | AA11: =IF(Foglio1!AA43=0, 0, 1) -> 0 | AB11: =IF(Foglio1!AB43=0, 0, 1) -> 1 | AC11: =IF(Foglio1!AC43=0, 0, 1) -> 0 | AD11: =IF(Foglio1!AD43=0, 0, 1) -> 0 | AE11: =IF(Foglio1!AE43=0, 0, 1) -> 0 | AF11: =IF(Foglio1!AF43=0, 0, 1) -> 0 | AG11: =SUM(AA11:AF11) -> 1 | AH11: =X11+AG11 -> 6
A12: Mattia | B12: 3 | C12: B | D12: 11 | E12: =IF(Foglio1!E44=0, 0, 1) -> 0 | F12: =IF(Foglio1!F44=0, 0, 1) -> 0 | G12: =IF(Foglio1!G44=0, 0, 1) -> 0 | H12: =IF(Foglio1!H44=0, 0, 1) -> 0 | I12: =IF(Foglio1!I44=0, 0, 1) -> 1 | J12: =IF(Foglio1!J44=0, 0, 1) -> 1 | K12: =IF(Foglio1!K44=0, 0, 1) -> 0 | L12: =IF(Foglio1!L44=0, 0, 1) -> 1 | ... W12: =IF(Foglio1!W44=0, 0, 1) -> 0 | X12: =SUM(E12:W12) -> 5 | AA12: =IF(Foglio1!AA44=0, 0, 1) -> 0 | AB12: =IF(Foglio1!AB44=0, 0, 1) -> 0 | AC12: =IF(Foglio1!AC44=0, 0, 1) -> 0 | AD12: =IF(Foglio1!AD44=0, 0, 1) -> 0 | AE12: =IF(Foglio1!AE44=0, 0, 1) -> 0 | AF12: =IF(Foglio1!AF44=0, 0, 1) -> 0 | AG12: =SUM(AA12:AF12) -> 0 | AH12: =X12+AG12 -> 5
A13: Mattia | B13: 3 | C13: B | D13: 12 | E13: =IF(Foglio1!E45=0, 0, 1) -> 1 | F13: =IF(Foglio1!F45=0, 0, 1) -> 0 | G13: =IF(Foglio1!G45=0, 0, 1) -> 0 | H13: =IF(Foglio1!H45=0, 0, 1) -> 0 | I13: =IF(Foglio1!I45=0, 0, 1) -> 0 | J13: =IF(Foglio1!J45=0, 0, 1) -> 1 | K13: =IF(Foglio1!K45=0, 0, 1) -> 0 | L13: =IF(Foglio1!L45=0, 0, 1) -> 0 | ... W13: =IF(Foglio1!W45=0, 0, 1) -> 0 | X13: =SUM(E13:W13) -> 4 | AA13: =IF(Foglio1!AA45=0, 0, 1) -> 1 | AB13: =IF(Foglio1!AB45=0, 0, 1) -> 0 | AC13: =IF(Foglio1!AC45=0, 0, 1) -> 0 | AD13: =IF(Foglio1!AD45=0, 0, 1) -> 0 | AE13: =IF(Foglio1!AE45=0, 0, 1) -> 0 | AF13: =IF(Foglio1!AF45=0, 0, 1) -> 0 | AG13: =SUM(AA13:AF13) -> 1 | AH13: =X13+AG13 -> 5
A14: Giuseppe | B14: 3 | C14: B | D14: 13 | E14: =IF(Foglio1!E46=0, 0, 1) -> 0 | F14: =IF(Foglio1!F46=0, 0, 1) -> 0 | G14: =IF(Foglio1!G46=0, 0, 1) -> 0 | H14: =IF(Foglio1!H46=0, 0, 1) -> 0 | I14: =IF(Foglio1!I46=0, 0, 1) -> 1 | J14: =IF(Foglio1!J46=0, 0, 1) -> 1 | K14: =IF(Foglio1!K46=0, 0, 1) -> 0 | L14: =IF(Foglio1!L46=0, 0, 1) -> 1 | ... W14: =IF(Foglio1!W46=0, 0, 1) -> 0 | X14: =SUM(E14:W14) -> 5 | AA14: =IF(Foglio1!AA46=0, 0, 1) -> 1 | AB14: =IF(Foglio1!AB46=0, 0, 1) -> 0 | AC14: =IF(Foglio1!AC46=0, 0, 1) -> 0 | AD14: =IF(Foglio1!AD46=0, 0, 1) -> 0 | AE14: =IF(Foglio1!AE46=0, 0, 1) -> 0 | AF14: =IF(Foglio1!AF46=0, 0, 1) -> 0 | AG14: =SUM(AA14:AF14) -> 1 | AH14: =X14+AG14 -> 6
... A31: Luigi | B31: 3 | C31: B | D31: 30 | E31: =IF(Foglio1!E63=0, 0, 1) -> 0 | F31: =IF(Foglio1!F63=0, 0, 1) -> 0 | G31: =IF(Foglio1!G63=0, 0, 1) -> 0 | H31: =IF(Foglio1!H63=0, 0, 1) -> 1 | I31: =IF(Foglio1!I63=0, 0, 1) -> 0 | J31: =IF(Foglio1!J63=0, 0, 1) -> 0 | K31: =IF(Foglio1!K63=0, 0, 1) -> 0 | L31: =IF(Foglio1!L63=0, 0, 1) -> 1 | ... W31: =IF(Foglio1!W63=0, 0, 1) -> 1 | X31: =SUM(E31:W31) -> 7 | AA31: =IF(Foglio1!AA63=0, 0, 1) -> 0 | AB31: =IF(Foglio1!AB63=0, 0, 1) -> 0 | AC31: =IF(Foglio1!AC63=0, 0, 1) -> 0 | AD31: =IF(Foglio1!AD63=0, 0, 1) -> 0 | AE31: =IF(Foglio1!AE63=0, 0, 1) -> 0 | AF31: =IF(Foglio1!AF63=0, 0, 1) -> 0 | AG31: =SUM(AA31:AF31) -> 0 | AH31: =X31+AG31 -> 7
E32: =IF(SUM(E2:E31)=0,0,1) -> 1 | F32: =IF(SUM(F2:F31)=0,0,1) -> 1 | G32: =IF(SUM(G2:G31)=0,0,1) -> 0 | H32: =IF(SUM(H2:H31)=0,0,1) -> 1 | I32: =IF(SUM(I2:I31)=0,0,1) -> 1 | J32: =IF(SUM(J2:J31)=0,0,1) -> 1 | K32: =IF(SUM(K2:K31)=0,0,1) -> 0 | L32: =IF(SUM(L2:L31)=0,0,1) -> 1 | ... W32: =IF(SUM(W2:W31)=0,0,1) -> 1 | X32: =SUM(E32:W32) -> 12 | AA32: =IF(SUM(AA2:AA31)=0,0,1) -> 1 | AB32: =IF(SUM(AB2:AB31)=0,0,1) -> 1 | AC32: =IF(SUM(AC2:AC31)=0,0,1) -> 1 | AD32: =IF(SUM(AD2:AD31)=0,0,1) -> 0 | AE32: =IF(SUM(AE2:AE31)=0,0,1) -> 0 | AF32: =IF(SUM(AF2:AF31)=0,0,1) -> 1 | AG32: =SUM(AA32:AF32) -> 4

Sheet Sito C
A1: Sperimentatore | B1: GRUPPO 1 | C1: SITE | D1: REPLICA | E1: Acetabularia acetabulum | F1: Amphiroa rigida | G1: Codium bursa | H1: Corallina sp. | I1: Corallinaceae | J1: Dichtyota dicotoma | K1: Flabellia petiolata | L1: Halimeda tuna | M1: Laurencia obtusa | N1: Padina pavonica | O1: Feltro algale | P1: Aplysina aerophoba | Q1: Cliona sp. | R1: Ircinia sp. | S1: Arca noae | T1: Gastrochaena dubia | U1: Patella caerulea | V1: Balanidae | W1: Paracentrotus lividus | X1: S (ricoprimento) | AA1: Cerithium vulgatum (n° individui) | AB1: Conus sp. e Phorcus sp. (n° individui) | AC1: Hexaplex trunculus (n° individui) | AD1: Holothuria tubulosa (n° individui) | AE1: Maja squinado (n° individui) | AF1: Paguroidea (n° individui) | AG1: S (n) | AH1: S riga | AI1: S
A2: Alessia Gentiluomo | B2: 2 | C2: C | D2: 1 | E2: =IF(Foglio1!E62=0, 0, 1) -> 0 | F2: =IF(Foglio1!F62=0, 0, 1) -> 1 | G2: =IF(Foglio1!G62=0, 0, 1) -> 0 | H2: =IF(Foglio1!H62=0, 0, 1) -> 1 | I2: =IF(Foglio1!I62=0, 0, 1) -> 0 | J2: =IF(Foglio1!J62=0, 0, 1) -> 1 | K2: =IF(Foglio1!K62=0, 0, 1) -> 0 | L2: =IF(Foglio1!L62=0, 0, 1) -> 1 | ... W2: =IF(Foglio1!W62=0, 0, 1) -> 0 | X2: =SUM(E2:W2) -> 7 | AA2: =IF(Foglio1!AA62=0, 0, 1) -> 1 | AB2: =IF(Foglio1!AB62=0, 0, 1) -> 0 | AC2: =IF(Foglio1!AC62=0, 0, 1) -> 0 | AD2: =IF(Foglio1!AD62=0, 0, 1) -> 0 | AE2: =IF(Foglio1!AE62=0, 0, 1) -> 0 | AF2: =IF(Foglio1!AF62=0, 0, 1) -> 0 | AG2: =SUM(AA2:AF2) -> 1 | AH2: =AG2+X2 -> 8 | AI2: =X32+AG32 -> 14
A3: Alessia Gentiluomo | B3: 2 | C3: C | D3: 2 | E3: =IF(Foglio1!E63=0, 0, 1) -> 0 | F3: =IF(Foglio1!F63=0, 0, 1) -> 0 | G3: =IF(Foglio1!G63=0, 0, 1) -> 0 | H3: =IF(Foglio1!H63=0, 0, 1) -> 1 | I3: =IF(Foglio1!I63=0, 0, 1) -> 0 | J3: =IF(Foglio1!J63=0, 0, 1) -> 0 | K3: =IF(Foglio1!K63=0, 0, 1) -> 0 | L3: =IF(Foglio1!L63=0, 0, 1) -> 1 | ... W3: =IF(Foglio1!W63=0, 0, 1) -> 1 | X3: =SUM(E3:W3) -> 7 | AA3: =IF(Foglio1!AA63=0, 0, 1) -> 0 | AB3: =IF(Foglio1!AB63=0, 0, 1) -> 0 | AC3: =IF(Foglio1!AC63=0, 0, 1) -> 0 | AD3: =IF(Foglio1!AD63=0, 0, 1) -> 0 | AE3: =IF(Foglio1!AE63=0, 0, 1) -> 0 | AF3: =IF(Foglio1!AF63=0, 0, 1) -> 0 | AG3: =SUM(AA3:AF3) -> 0 | AH3: =AG3+X3 -> 7
A4: Riccardo Brusa | B4: 2 | C4: C | D4: 3 | E4: =IF(Foglio1!E64=0, 0, 1) -> 0 | F4: =IF(Foglio1!F64=0, 0, 1) -> 1 | G4: =IF(Foglio1!G64=0, 0, 1) -> 0 | H4: =IF(Foglio1!H64=0, 0, 1) -> 0 | I4: =IF(Foglio1!I64=0, 0, 1) -> 0 | J4: =IF(Foglio1!J64=0, 0, 1) -> 0 | K4: =IF(Foglio1!K64=0, 0, 1) -> 0 | L4: =IF(Foglio1!L64=0, 0, 1) -> 0 | ... W4: =IF(Foglio1!W64=0, 0, 1) -> 1 | X4: =SUM(E4:W4) -> 4 | AA4: =IF(Foglio1!AA64=0, 0, 1) -> 0 | AB4: =IF(Foglio1!AB64=0, 0, 1) -> 0 | AC4: =IF(Foglio1!AC64=0, 0, 1) -> 0 | AD4: =IF(Foglio1!AD64=0, 0, 1) -> 0 | AE4: =IF(Foglio1!AE64=0, 0, 1) -> 0 | AF4: =IF(Foglio1!AF64=0, 0, 1) -> 0 | AG4: =SUM(AA4:AF4) -> 0 | AH4: =AG4+X4 -> 4
A5: Riccardo Brusa | B5: 2 | C5: C | D5: 4 | E5: =IF(Foglio1!E65=0, 0, 1) -> 0 | F5: =IF(Foglio1!F65=0, 0, 1) -> 1 | G5: =IF(Foglio1!G65=0, 0, 1) -> 0 | H5: =IF(Foglio1!H65=0, 0, 1) -> 0 | I5: =IF(Foglio1!I65=0, 0, 1) -> 0 | J5: =IF(Foglio1!J65=0, 0, 1) -> 0 | K5: =IF(Foglio1!K65=0, 0, 1) -> 0 | L5: =IF(Foglio1!L65=0, 0, 1) -> 1 | ... W5: =IF(Foglio1!W65=0, 0, 1) -> 0 | X5: =SUM(E5:W5) -> 3 | AA5: =IF(Foglio1!AA65=0, 0, 1) -> 0 | AB5: =IF(Foglio1!AB65=0, 0, 1) -> 0 | AC5: =IF(Foglio1!AC65=0, 0, 1) -> 0 | AD5: =IF(Foglio1!AD65=0, 0, 1) -> 0 | AE5: =IF(Foglio1!AE65=0, 0, 1) -> 0 | AF5: =IF(Foglio1!AF65=0, 0, 1) -> 0 | AG5: =SUM(AA5:AF5) -> 0 | AH5: =AG5+X5 -> 3
A6: Riccardo Brusa | B6: 2 | C6: C | D6: 5 | E6: =IF(Foglio1!E66=0, 0, 1) -> 0 | F6: =IF(Foglio1!F66=0, 0, 1) -> 1 | G6: =IF(Foglio1!G66=0, 0, 1) -> 0 | H6: =IF(Foglio1!H66=0, 0, 1) -> 0 | I6: =IF(Foglio1!I66=0, 0, 1) -> 0 | J6: =IF(Foglio1!J66=0, 0, 1) -> 0 | K6: =IF(Foglio1!K66=0, 0, 1) -> 0 | L6: =IF(Foglio1!L66=0, 0, 1) -> 1 | ... W6: =IF(Foglio1!W66=0, 0, 1) -> 1 | X6: =SUM(E6:W6) -> 6 | AA6: =IF(Foglio1!AA66=0, 0, 1) -> 0 | AB6: =IF(Foglio1!AB66=0, 0, 1) -> 0 | AC6: =IF(Foglio1!AC66=0, 0, 1) -> 0 | AD6: =IF(Foglio1!AD66=0, 0, 1) -> 0 | AE6: =IF(Foglio1!AE66=0, 0, 1) -> 0 | AF6: =IF(Foglio1!AF66=0, 0, 1) -> 0 | AG6: =SUM(AA6:AF6) -> 0 | AH6: =AG6+X6 -> 6
A7: Rebecca Tollardo | B7: 2 | C7: C | D7: 6 | E7: =IF(Foglio1!E67=0, 0, 1) -> 1 | F7: =IF(Foglio1!F67=0, 0, 1) -> 1 | G7: =IF(Foglio1!G67=0, 0, 1) -> 0 | H7: =IF(Foglio1!H67=0, 0, 1) -> 0 | I7: =IF(Foglio1!I67=0, 0, 1) -> 1 | J7: =IF(Foglio1!J67=0, 0, 1) -> 0 | K7: =IF(Foglio1!K67=0, 0, 1) -> 0 | L7: =IF(Foglio1!L67=0, 0, 1) -> 1 | ... W7: =IF(Foglio1!W67=0, 0, 1) -> 0 | X7: =SUM(E7:W7) -> 7 | AA7: =IF(Foglio1!AA67=0, 0, 1) -> 0 | AB7: =IF(Foglio1!AB67=0, 0, 1) -> 0 | AC7: =IF(Foglio1!AC67=0, 0, 1) -> 0 | AD7: =IF(Foglio1!AD67=0, 0, 1) -> 0 | AE7: =IF(Foglio1!AE67=0, 0, 1) -> 0 | AF7: =IF(Foglio1!AF67=0, 0, 1) -> 0 | AG7: =SUM(AA7:AF7) -> 0 | AH7: =AG7+X7 -> 7
A8: Rebecca Tollardo | B8: 2 | C8: C | D8: 7 | E8: =IF(Foglio1!E68=0, 0, 1) -> 0 | F8: =IF(Foglio1!F68=0, 0, 1) -> 1 | G8: =IF(Foglio1!G68=0, 0, 1) -> 0 | H8: =IF(Foglio1!H68=0, 0, 1) -> 0 | I8: =IF(Foglio1!I68=0, 0, 1) -> 0 | J8: =IF(Foglio1!J68=0, 0, 1) -> 0 | K8: =IF(Foglio1!K68=0, 0, 1) -> 0 | L8: =IF(Foglio1!L68=0, 0, 1) -> 1 | ... W8: =IF(Foglio1!W68=0, 0, 1) -> 0 | X8: =SUM(E8:W8) -> 5 | AA8: =IF(Foglio1!AA68=0, 0, 1) -> 0 | AB8: =IF(Foglio1!AB68=0, 0, 1) -> 0 | AC8: =IF(Foglio1!AC68=0, 0, 1) -> 0 | AD8: =IF(Foglio1!AD68=0, 0, 1) -> 0 | AE8: =IF(Foglio1!AE68=0, 0, 1) -> 0 | AF8: =IF(Foglio1!AF68=0, 0, 1) -> 0 | AG8: =SUM(AA8:AF8) -> 0 | AH8: =AG8+X8 -> 5
A9: Aurora Tomasini | B9: 2 | C9: C | D9: 8 | E9: =IF(Foglio1!E69=0, 0, 1) -> 0 | F9: =IF(Foglio1!F69=0, 0, 1) -> 1 | G9: =IF(Foglio1!G69=0, 0, 1) -> 0 | H9: =IF(Foglio1!H69=0, 0, 1) -> 1 | I9: =IF(Foglio1!I69=0, 0, 1) -> 1 | J9: =IF(Foglio1!J69=0, 0, 1) -> 0 | K9: =IF(Foglio1!K69=0, 0, 1) -> 0 | L9: =IF(Foglio1!L69=0, 0, 1) -> 1 | ... W9: =IF(Foglio1!W69=0, 0, 1) -> 0 | X9: =SUM(E9:W9) -> 8 | AA9: =IF(Foglio1!AA69=0, 0, 1) -> 0 | AB9: =IF(Foglio1!AB69=0, 0, 1) -> 0 | AC9: =IF(Foglio1!AC69=0, 0, 1) -> 0 | AD9: =IF(Foglio1!AD69=0, 0, 1) -> 0 | AE9: =IF(Foglio1!AE69=0, 0, 1) -> 0 | AF9: =IF(Foglio1!AF69=0, 0, 1) -> 0 | AG9: =SUM(AA9:AF9) -> 0 | AH9: =AG9+X9 -> 8
A10: Aurora Tomasini | B10: 2 | C10: C | D10: 9 | E10: =IF(Foglio1!E70=0, 0, 1) -> 0 | F10: =IF(Foglio1!F70=0, 0, 1) -> 1 | G10: =IF(Foglio1!G70=0, 0, 1) -> 0 | H10: =IF(Foglio1!H70=0, 0, 1) -> 1 | I10: =IF(Foglio1!I70=0, 0, 1) -> 1 | J10: =IF(Foglio1!J70=0, 0, 1) -> 0 | K10: =IF(Foglio1!K70=0, 0, 1) -> 0 | L10: =IF(Foglio1!L70=0, 0, 1) -> 1 | ... W10: =IF(Foglio1!W70=0, 0, 1) -> 1 | X10: =SUM(E10:W10) -> 8 | AA10: =IF(Foglio1!AA70=0, 0, 1) -> 0 | AB10: =IF(Foglio1!AB70=0, 0, 1) -> 0 | AC10: =IF(Foglio1!AC70=0, 0, 1) -> 0 | AD10: =IF(Foglio1!AD70=0, 0, 1) -> 0 | AE10: =IF(Foglio1!AE70=0, 0, 1) -> 0 | AF10: =IF(Foglio1!AF70=0, 0, 1) -> 0 | AG10: =SUM(AA10:AF10) -> 0 | AH10: =AG10+X10 -> 8
A11: Gloria Metti | B11: 2 | C11: C | D11: 10 | E11: =IF(Foglio1!E71=0, 0, 1) -> 1 | F11: =IF(Foglio1!F71=0, 0, 1) -> 0 | G11: =IF(Foglio1!G71=0, 0, 1) -> 0 | H11: =IF(Foglio1!H71=0, 0, 1) -> 1 | I11: =IF(Foglio1!I71=0, 0, 1) -> 0 | J11: =IF(Foglio1!J71=0, 0, 1) -> 0 | K11: =IF(Foglio1!K71=0, 0, 1) -> 0 | L11: =IF(Foglio1!L71=0, 0, 1) -> 1 | ... W11: =IF(Foglio1!W71=0, 0, 1) -> 0 | X11: =SUM(E11:W11) -> 5 | AA11: =IF(Foglio1!AA71=0, 0, 1) -> 0 | AB11: =IF(Foglio1!AB71=0, 0, 1) -> 1 | AC11: =IF(Foglio1!AC71=0, 0, 1) -> 0 | AD11: =IF(Foglio1!AD71=0, 0, 1) -> 0 | AE11: =IF(Foglio1!AE71=0, 0, 1) -> 0 | AF11: =IF(Foglio1!AF71=0, 0, 1) -> 1 | AG11: =SUM(AA11:AF11) -> 2 | AH11: =AG11+X11 -> 7
A12: Gloria Metti | B12: 2 | C12: C | D12: 11 | E12: =IF(Foglio1!E72=0, 0, 1) -> 0 | F12: =IF(Foglio1!F72=0, 0, 1) -> 0 | G12: =IF(Foglio1!G72=0, 0, 1) -> 0 | H12: =IF(Foglio1!H72=0, 0, 1) -> 0 | I12: =IF(Foglio1!I72=0, 0, 1) -> 0 | J12: =IF(Foglio1!J72=0, 0, 1) -> 0 | K12: =IF(Foglio1!K72=0, 0, 1) -> 0 | L12: =IF(Foglio1!L72=0, 0, 1) -> 0 | ... W12: =IF(Foglio1!W72=0, 0, 1) -> 1 | X12: =SUM(E12:W12) -> 3 | AA12: =IF(Foglio1!AA72=0, 0, 1) -> 0 | AB12: =IF(Foglio1!AB72=0, 0, 1) -> 0 | AC12: =IF(Foglio1!AC72=0, 0, 1) -> 0 | AD12: =IF(Foglio1!AD72=0, 0, 1) -> 0 | AE12: =IF(Foglio1!AE72=0, 0, 1) -> 0 | AF12: =IF(Foglio1!AF72=0, 0, 1) -> 1 | AG12: =SUM(AA12:AF12) -> 1 | AH12: =AG12+X12 -> 4
A13: Annalisa | B13: 2 | C13: C | D13: 12 | E13: =IF(Foglio1!E73=0, 0, 1) -> 1 | F13: =IF(Foglio1!F73=0, 0, 1) -> 0 | G13: =IF(Foglio1!G73=0, 0, 1) -> 0 | H13: =IF(Foglio1!H73=0, 0, 1) -> 0 | I13: =IF(Foglio1!I73=0, 0, 1) -> 1 | J13: =IF(Foglio1!J73=0, 0, 1) -> 1 | K13: =IF(Foglio1!K73=0, 0, 1) -> 0 | L13: =IF(Foglio1!L73=0, 0, 1) -> 1 | ... W13: =IF(Foglio1!W73=0, 0, 1) -> 1 | X13: =SUM(E13:W13) -> 7 | AA13: =IF(Foglio1!AA73=0, 0, 1) -> 0 | AB13: =IF(Foglio1!AB73=0, 0, 1) -> 0 | AC13: =IF(Foglio1!AC73=0, 0, 1) -> 0 | AD13: =IF(Foglio1!AD73=0, 0, 1) -> 0 | AE13: =IF(Foglio1!AE73=0, 0, 1) -> 0 | AF13: =IF(Foglio1!AF73=0, 0, 1) -> 0 | AG13: =SUM(AA13:AF13) -> 0 | AH13: =AG13+X13 -> 7
A14: Lorenzo savese | B14: 2 | C14: C | D14: 13 | E14: =IF(Foglio1!E74=0, 0, 1) -> 0 | F14: =IF(Foglio1!F74=0, 0, 1) -> 0 | G14: =IF(Foglio1!G74=0, 0, 1) -> 0 | H14: =IF(Foglio1!H74=0, 0, 1) -> 0 | I14: =IF(Foglio1!I74=0, 0, 1) -> 1 | J14: =IF(Foglio1!J74=0, 0, 1) -> 1 | K14: =IF(Foglio1!K74=0, 0, 1) -> 0 | L14: =IF(Foglio1!L74=0, 0, 1) -> 1 | ... W14: =IF(Foglio1!W74=0, 0, 1) -> 1 | X14: =SUM(E14:W14) -> 4 | AA14: =IF(Foglio1!AA74=0, 0, 1) -> 0 | AB14: =IF(Foglio1!AB74=0, 0, 1) -> 0 | AC14: =IF(Foglio1!AC74=0, 0, 1) -> 0 | AD14: =IF(Foglio1!AD74=0, 0, 1) -> 0 | AE14: =IF(Foglio1!AE74=0, 0, 1) -> 0 | AF14: =IF(Foglio1!AF74=0, 0, 1) -> 0 | AG14: =SUM(AA14:AF14) -> 0 | AH14: =AG14+X14 -> 4
... A31: Tollardo/Cecchini prova | B31: 2 | C31: C | D31: 30 | E31: =IF(Foglio1!E91=0, 0, 1) -> 0 | F31: =IF(Foglio1!F91=0, 0, 1) -> 0 | G31: =IF(Foglio1!G91=0, 0, 1) -> 0 | H31: =IF(Foglio1!H91=0, 0, 1) -> 0 | I31: =IF(Foglio1!I91=0, 0, 1) -> 0 | J31: =IF(Foglio1!J91=0, 0, 1) -> 0 | K31: =IF(Foglio1!K91=0, 0, 1) -> 0 | L31: =IF(Foglio1!L91=0, 0, 1) -> 0 | ... W31: =IF(Foglio1!W91=0, 0, 1) -> 1 | X31: =SUM(E31:W31) -> 3 | AA31: =IF(Foglio1!AA91=0, 0, 1) -> 0 | AB31: =IF(Foglio1!AB91=0, 0, 1) -> 0 | AC31: =IF(Foglio1!AC91=0, 0, 1) -> 0 | AD31: =IF(Foglio1!AD91=0, 0, 1) -> 0 | AE31: =IF(Foglio1!AE91=0, 0, 1) -> 0 | AF31: =IF(Foglio1!AF91=0, 0, 1) -> 0 | AG31: =SUM(AA31:AF31) -> 0 | AH31: =AG31+X31 -> 3
E32: =IF(SUM(E2:E31)=0,0,1) -> 1 | F32: =IF(SUM(F2:F31)=0,0,1) -> 1 | G32: =IF(SUM(G2:G31)=0,0,1) -> 0 | H32: =IF(SUM(H2:H31)=0,0,1) -> 1 | I32: =IF(SUM(I2:I31)=0,0,1) -> 1 | J32: =IF(SUM(J2:J31)=0,0,1) -> 1 | K32: =IF(SUM(K2:K31)=0,0,1) -> 0 | L32: =IF(SUM(L2:L31)=0,0,1) -> 1 | ... W32: =IF(SUM(W2:W31)=0,0,1) -> 1 | X32: =SUM(E32:W32) -> 14 | AA32: =IF(Foglio1!AA92=0, 0, 1) -> 0 | AB32: =IF(Foglio1!AB92=0, 0, 1) -> 0 | AC32: =IF(Foglio1!AC92=0, 0, 1) -> 0 | AD32: =IF(Foglio1!AD92=0, 0, 1) -> 0 | AE32: =IF(Foglio1!AE92=0, 0, 1) -> 0 | AF32: =IF(Foglio1!AF92=0, 0, 1) -> 0 | AG32: =SUM(AA32:AF32) -> 0
